name,prerequisites,benefit_summary,description,source,version
All the f eats ar e listed alphabetically in the,,"All the f eats ar e listed alphabetically in the Feat List table . If a f eat can be tak en mor e than once, an asterisk appears after its name in that table. Parts of a F eat The description of a f e","All the f eats ar e listed alphabetically in the Feat List table . If a f eat can be tak en mor e than once, an asterisk appears after its name in that table. Parts of a F eat The description of a f eat contains the following par ts, which ar e presented after the f eat’s name. Categor y. A feat is a member of a categor y, which is noted in the f eat. If y ou’re instructed t o choose a f eat fr om a speciﬁc categor y, such as the Origin categor y, that categor y must appear under the f eat’s name. If y ou’re instructed t o choose a f eat and no categor y is speciﬁed, y ou can choose fr om any categor y. Prerequisite. To tak e a f eat, y ou must meet any pr erequisite in its description unless a f eatur e allows y ou to tak e the feat without the pr erequisite. If a pr erequisite includes a class, y ou must ha ve at least 1 le vel in that class t o tak e the feat. Beneﬁt. The beneﬁts of a f eat ar e detailed after any pr erequisites ar e listed. If y ou ha ve a f eat, y ou gain its beneﬁts. Repeatable. A feat can be tak en only once unless its description states other wise in a “Repeatable ” subsection.",PHB (2024),2024
Feat List,,Feat List Feat Categor y Ability Scor e Impr ovement * Gener al Actor Gener al Alert Origin Archer y Fighting Style Athlete Gener al Blind Fighting Fighting Style Boon of Combat Pr owess Epic Boon Boo,"Feat List Feat Categor y Ability Scor e Impr ovement * Gener al Actor Gener al Alert Origin Archer y Fighting Style Athlete Gener al Blind Fighting Fighting Style Boon of Combat Pr owess Epic Boon Boon of Dimensional Travel Epic Boon Boon of Ener gy Resistance Epic Boon Boon of F ate Epic Boon Boon of F ortitude Epic Boon Boon of Irr esistible Off ense Epic Boon Boon of Reco very Epic Boon Boon of Skill Epic Boon Boon of Speed Epic Boon Boon of Spell Recall Epic Boon Boon of the Night Spirit Epic Boon Boon of Truesight Epic Boon Char ger Gener al Chef Gener al Crafter Origin Crossbow Exper t Gener al Crusher Gener al Defense Fighting Style Defensiv e Duelist Gener al Dual Wielder Gener al Dueling Fighting Style Durable Gener al Elemental Adept * Gener al Fey Touched Gener al Grappler Gener al Great W eapon Fighting Fighting Style Great W eapon Master Gener al Healer Origin Heavily Armor ed Gener al Heavy Armor Master Gener al Inspiring Leader Gener al Inter ception Fighting Style Keen Mind Gener al Lightly Armor ed Gener al Lucky Origin Mage Sla yer Gener al Magic Initiate * Origin Martial W eapon Training Gener al Medium Armor Master Gener al Moder ately Armor ed Gener al Mounted Combatant Gener al Musician Origin Obser vant Gener al Piercer Gener al Poisoner Gener al Polearm Master Gener al Protection Fighting Style Resilient Gener al Ritual Caster Gener al Savage A ttack er Origin Sentinel Gener al Shadow Touched Gener al Sharpshooter Gener al Shield Master Gener al Skilled * Origin Skill Exper t Gener al Skulk er Gener al Slasher Gener al Speedy Gener al Spell Sniper Gener al Tavern Br awler Origin Telekinetic Gener al Telepathic Gener al Thrown W eapon Fighting Fighting Style Tough Origin Two-W eapon Fighting Fighting Style Unarmed Fighting Fighting Style War Caster Gener al Weapon Master Gener al *This f eat can be tak en mor e than once. Origin F eats These f eats ar e in the Origin categor y. Aler t Origin F eat You gain the following beneﬁts. Initiativ e Proﬁciency . When y ou roll Initiativ e, you can add y our Pr oﬁciency Bonus t o the r oll. Initiativ e Swap. Immediately after y ou roll Initiativ e, you can swap y our Initiativ e with the Initiativ e of one willing ally in the same combat. Y ou can ’t mak e this swap if y ou or the ally has the Incapacitated condition. Crafter Origin F eat You gain the following beneﬁts. Tool Pr oﬁciency . You gain pr oﬁciency with thr ee diff erent Ar tisan ’s Tools of y our choice fr om the F ast Cr afting table. Discount. Whene ver you buy a nonmagical item, y ou receiv e a 20 per cent discount on it. Fast Cr afting. When y ou ﬁnish a Long Rest , you can cr aft one piece of gear fr om the F ast Cr afting table, pr ovided y ou have the Ar tisan ’s Tools associated with that item and ha ve proﬁciency with those t ools. The item lasts until y ou ﬁnish another Long Rest, at which point the item falls apar t. Fast Cr afting Artisan ’s Tools Crafted Gear Carpenter ’s Tools Ladder , Torch Leather work er’s Tools Crossbow Bolt Case , Map or Scr oll Case , Pouch Mason ’s Tools Block and Tackle Potter ’s Tools Jug, Lamp Smith ’s Tools Ball Bearings , Buck et, Caltr ops, Grappling Hook , Iron P ot Tink er’s Tools Bell, Shovel, Tinderbo x Weaver’s Tools Bask et, Rope , Net, Tent Woodcar ver’s Tools Club , Greatclub , Quar terstaff Healer Origin F eat You gain the following beneﬁts. Battle Medic. If you ha ve a Healer ’s Kit, y ou can expend one use of it and tend t o a cr eatur e within 5 f eet of y ourself as a Utiliz e action. That cr eatur e can expend one of its Hit P oint Dice, and y ou then r oll that die. The cr eatur e regains a number of Hit P oints equal t o the r oll plus y our Pr oﬁciency Bonus. Healing Rer olls. Whene ver you roll a die t o determine the number of Hit P oints y ou restore with a spell or with this f eat’s Battle Medic beneﬁt, y ou can r eroll the die if it r olls a 1, and y ou must use the new r oll. Lucky Origin F eat You gain the following beneﬁts. Luck P oints. You ha ve a number of L uck P oints equal t o your Pr oﬁciency Bonus and can spend the points on the beneﬁts below . You regain y our expended L uck P oints when y ou ﬁnish a Long Rest . Advantage. When y ou roll a d20 for a D20 Test, you can spend 1 L uck P oint t o giv e yourself Advantage on the r oll. Disadv antage. When a cr eatur e rolls a d20 for an attack r oll against y ou, y ou can spend 1 L uck P oint t o impose Disadv antage on that r oll. Magic Initiate Origin F eat You gain the following beneﬁts. Two Cantrips. You learn two cantrips of y our choice fr om the Cleric , Druid , or Wizar d spell list. Intelligence, Wisdom, or Charisma is y our spellcasting ability for this f eat’s spells (choose when y ou select this f eat). Level 1 Spell. Choose a le vel 1 spell fr om the same list y ou selected for this f eat’s cantrips. Y ou alwa ys ha ve that spell prepar ed. Y ou can cast it once without a spell slot, and y ou regain the ability t o cast it in that wa y when y ou ﬁnish a Long Rest . You can also cast the spell using any spell slots y ou ha ve. Spell Change. Whene ver you gain a new le vel, you can r eplace one of the spells y ou chose for this f eat with a diff erent spell of the same le vel from the chosen spell list. Repeatable. You can tak e this f eat mor e than once, but y ou must choose a diff erent spell list each time. Musician Origin F eat You gain the following beneﬁts. Instrument Training. You gain pr oﬁciency with thr ee Musical Instruments of y our choice. Encour aging Song. As y ou ﬁnish a Shor t or Long Rest , you can pla y a song on a Musical Instrument with which y ou have proﬁciency and giv e Heroic Inspir ation to allies who hear the song. The number of allies y ou can aff ect in this wa y equals y our Pr oﬁciency Bonus. Savage A ttack er Origin F eat You’ve trained t o deal par ticularly damaging strik es. Once per turn when y ou hit a tar get with a weapon, y ou can r oll the weapon ’s damage dice twice and use either r oll against the tar get. Skilled Origin F eat You gain pr oﬁciency in any combination of thr ee skills or t ools of y our choice. Repeatable. You can tak e this f eat mor e than once. Tavern Br awler Origin F eat You gain the following beneﬁts. Enhanced Unarmed Strik e. When y ou hit with y our Unarmed Strik e and deal damage, y ou can deal Bludgeoning damage equal t o 1d4 plus y our Str ength modiﬁer instead of the normal damage of an Unarmed Strik e. Damage Rer olls. Whene ver you roll a damage die for y our Unarmed Strik e, you can r eroll the die if it r olls a 1, and y ou must use the new r oll. Impr ovised W eaponr y. You ha ve proﬁciency with impr ovised weapons. Push. When y ou hit a cr eatur e with an Unarmed Strik e as par t of the Attack action on y our turn, y ou can deal damage t o the tar get and also push it 5 f eet awa y from y ou. Y ou can use this beneﬁt only once per turn. Tough Origin F eat Your Hit P oint maximum incr eases b y an amount equal t o twice y our char acter le vel when y ou gain this f eat. Whene ver you gain a char acter le vel ther eafter , your Hit P oint maximum incr eases b y an additional 2 Hit P oints. Gener al Feats These f eats ar e in the Gener al categor y.",PHB (2024),2024
Ability Scor e Impr ovement Gener al,,"Ability Scor e Impr ovement Gener al Feat (Pr erequisite: Le vel 4+) Increase one ability scor e of y our choice b y 2, or incr ease two ability scor es of y our choice b y 1. This f eat can ’t incr e","Ability Scor e Impr ovement Gener al Feat (Pr erequisite: Le vel 4+) Increase one ability scor e of y our choice b y 2, or incr ease two ability scor es of y our choice b y 1. This f eat can ’t incr ease an ability scor e abo ve 20. Repeatable. You can tak e this f eat mor e than once.",PHB (2024),2024
Actor Gener al,,"Actor Gener al Feat (Pr erequisite: Le vel 4+, Charisma 13+) You gain the following beneﬁts. Ability Scor e Incr ease. Incr ease y our Charisma scor e by 1, t o a maximum of 20. Impersonation. While y","Actor Gener al Feat (Pr erequisite: Le vel 4+, Charisma 13+) You gain the following beneﬁts. Ability Scor e Incr ease. Incr ease y our Charisma scor e by 1, t o a maximum of 20. Impersonation. While y ou’re disguised as a r eal or ﬁctional person, y ou ha ve Advantage on Charisma ( Deception or Performance ) checks t o convince others that y ou ar e that person. Mimicr y. You can mimic the sounds of other cr eatur es, including speech. A cr eatur e that hears the mimicr y must succeed on a Wisdom ( Insight ) check t o determine the eff ect is fak ed (DC 8 plus y our Charisma modiﬁer and Proﬁciency Bonus).",PHB (2024),2024
Athlete Gener al,,"Athlete Gener al Feat (Pr erequisite: Le vel 4+, Str ength or Dexterity 13+) You gain the following beneﬁts. Ability Scor e Incr ease. Incr ease y our Str ength or Dexterity scor e by 1, t o a maximum","Athlete Gener al Feat (Pr erequisite: Le vel 4+, Str ength or Dexterity 13+) You gain the following beneﬁts. Ability Scor e Incr ease. Incr ease y our Str ength or Dexterity scor e by 1, t o a maximum of 20. Climb Speed. You gain a Climb Speed equal t o your Speed. Hop Up. When y ou ha ve the Pr one condition, y ou can right y ourself with only 5 f eet of mo vement. Jumping. You can mak e a running Long or High Jump after mo ving only 5 f eet.",PHB (2024),2024
Char ger Gener al,,"Char ger Gener al Feat (Pr erequisite: Le vel 4+, Str ength or Dexterity 13+) You gain the following beneﬁts. Ability Scor e Incr ease. Incr ease y our Str ength or Dexterity scor e by 1, t o a maximu","Char ger Gener al Feat (Pr erequisite: Le vel 4+, Str ength or Dexterity 13+) You gain the following beneﬁts. Ability Scor e Incr ease. Incr ease y our Str ength or Dexterity scor e by 1, t o a maximum of 20. Impr oved Dash. When y ou tak e the Dash action, y our Speed incr eases b y 10 f eet for that action. Char ge A ttack. If you mo ve at least 10 f eet in a str aight line t owar d a tar get immediately befor e hitting it with a melee attack r oll as par t of the Attack action, choose one of the following eff ects: gain a 1d8 bonus t o the attack’ s damage roll, or push the tar get up t o 10 f eet awa y if it is no mor e than one siz e lar ger than y ou. Y ou can use this beneﬁt only once on each of y our turns.",PHB (2024),2024
Chef Gener al,,"Chef Gener al Feat (Pr erequisite: Le vel 4+) You gain the following beneﬁts. Ability Scor e Incr ease. Incr ease y our Constitution or Wisdom scor e by 1, t o a maximum of 20. Cook’ s Utensils. You g","Chef Gener al Feat (Pr erequisite: Le vel 4+) You gain the following beneﬁts. Ability Scor e Incr ease. Incr ease y our Constitution or Wisdom scor e by 1, t o a maximum of 20. Cook’ s Utensils. You gain pr oﬁciency with Cook’ s Utensils if y ou don ’t alr eady ha ve it. Replenishing Meal. As par t of a Shor t Rest , you can cook special food if y ou ha ve ingr edients and Cook’ s Utensils on hand. Y ou can pr epar e enough of this food for a number of cr eatur es equal t o 4 plus y our Pr oﬁciency Bonus. A t the end of the Shor t Rest, any cr eatur e who eats the food and spends one or mor e Hit Dice t o regain Hit P oints r egains an extr a 1d8 Hit P oints. Bolstering Treats. With 1 hour of work or when y ou ﬁnish a Long Rest , you can cook a number of tr eats equal t o your Proﬁciency Bonus if y ou ha ve ingr edients and Cook’ s Utensils on hand. These special tr eats last 8 hours after being made. A cr eatur e can use a Bonus Action t o eat one of those tr eats t o gain a number of Tempor ary Hit P oints equal t o your Pr oﬁciency Bonus.",PHB (2024),2024
Crossbow Exper t Gener al,,"Crossbow Exper t Gener al Feat (Pr erequisite: Le vel 4+, Dexterity 13+) You gain the following beneﬁts. Ability Scor e Incr ease. Incr ease y our Dexterity scor e by 1, t o a maximum of 20. Ignor e L","Crossbow Exper t Gener al Feat (Pr erequisite: Le vel 4+, Dexterity 13+) You gain the following beneﬁts. Ability Scor e Incr ease. Incr ease y our Dexterity scor e by 1, t o a maximum of 20. Ignor e Loading. You ignor e the Loading proper ty of the Hand Cr ossbow , Hea vy Cr ossbow , and Light Cr ossbow (all called cr ossbows elsewher e in this f eat). If y ou’re holding one of them, y ou can load a piece of ammunition int o it e ven if you lack a fr ee hand. Firing in Melee. Being within 5 f eet of an enemy doesn ’t impose Disadv antage on y our attack r olls with cr ossbows. Dual Wielding. When y ou mak e the extr a attack of the Light proper ty, you can add y our ability modiﬁer t o the damage of the extr a attack if that attack is with a cr ossbow that has the Light pr oper ty and y ou ar en’t alr eady adding that modiﬁer to the damage.",PHB (2024),2024
Crusher Gener al,,"Crusher Gener al Feat (Pr erequisite: Le vel 4+) You gain the following beneﬁts. Ability Scor e Incr ease. Incr ease y our Str ength or Constitution scor e by 1, t o a maximum of 20. Push. Once per tu","Crusher Gener al Feat (Pr erequisite: Le vel 4+) You gain the following beneﬁts. Ability Scor e Incr ease. Incr ease y our Str ength or Constitution scor e by 1, t o a maximum of 20. Push. Once per turn, when y ou hit a cr eatur e with an attack that deals Bludgeoning damage, y ou can mo ve it 5 f eet t o an unoccupied space if the tar get is no mor e than one siz e lar ger than y ou. Enhanced Critical. When y ou scor e a Critical Hit that deals Bludgeoning damage t o a cr eatur e, attack r olls against that creatur e ha ve Advantage until the star t of y our next turn.",PHB (2024),2024
Defensiv e Duelist Gener al,,"Defensiv e Duelist Gener al Feat (Pr erequisite: Le vel 4+, Dexterity 13+) You gain the following beneﬁts. Ability Scor e Incr ease. Incr ease y our Dexterity scor e by 1, t o a maximum of 20. Parry.","Defensiv e Duelist Gener al Feat (Pr erequisite: Le vel 4+, Dexterity 13+) You gain the following beneﬁts. Ability Scor e Incr ease. Incr ease y our Dexterity scor e by 1, t o a maximum of 20. Parry. If you’re holding a Finesse weapon and another cr eatur e hits y ou with a melee attack, y ou can tak e a Reaction t o add y our Pr oﬁciency Bonus t o your Armor Class, potentially causing the attack t o miss y ou. Y ou gain this bonus t o your AC against melee attacks until the star t of y our next turn.",PHB (2024),2024
Dual Wielder Gener al,,"Dual Wielder Gener al Feat (Pr erequisite: Le vel 4+, Str ength or Dexterity 13+) You gain the following beneﬁts. Ability Scor e Incr ease. Incr ease y our Str ength or Dexterity scor e by 1, t o a ma","Dual Wielder Gener al Feat (Pr erequisite: Le vel 4+, Str ength or Dexterity 13+) You gain the following beneﬁts. Ability Scor e Incr ease. Incr ease y our Str ength or Dexterity scor e by 1, t o a maximum of 20. Enhanced Dual Wielding. When y ou tak e the Attack action on y our turn and attack with a weapon that has the Light proper ty, you can mak e one extr a attack as a Bonus Action later on the same turn with a diff erent weapon, which must be a Melee weapon that lacks the Two-Handed proper ty. You don ’t add y our ability modiﬁer t o the extr a attack’ s damage unless that modiﬁer is negativ e. Quick Dr aw. You can dr aw or st ow two weapons that lack the Two-Handed pr oper ty when y ou would normally be able t o draw or st ow only one.",PHB (2024),2024
Durable Gener al,,"Durable Gener al Feat (Pr erequisite: Le vel 4+) You gain the following beneﬁts. Ability Scor e Incr ease. Incr ease y our Constitution scor e by 1, t o a maximum of 20. Defy Death. You ha ve Advantag","Durable Gener al Feat (Pr erequisite: Le vel 4+) You gain the following beneﬁts. Ability Scor e Incr ease. Incr ease y our Constitution scor e by 1, t o a maximum of 20. Defy Death. You ha ve Advantage on Death Sa ving Throws. Speedy Reco very. As a Bonus Action, y ou can expend one of y our Hit P oint Dice, r oll the die, and r egain a number of Hit Points equal t o the r oll.",PHB (2024),2024
Elemental Adept Gener al,,"Elemental Adept Gener al Feat (Pr erequisite: Le vel 4+, Spellcasting or P act Magic F eatur e) You gain the following beneﬁts. Ability Scor e Incr ease. Incr ease y our Intelligence, Wisdom, or Chari","Elemental Adept Gener al Feat (Pr erequisite: Le vel 4+, Spellcasting or P act Magic F eatur e) You gain the following beneﬁts. Ability Scor e Incr ease. Incr ease y our Intelligence, Wisdom, or Charisma scor e by 1, t o a maximum of 20. Ener gy Master y. Choose one of the following damage types: Acid, Cold, Fir e, Lightning, or Thunder . Spells y ou cast ignor e Resistance t o damage of the chosen type. In addition, when y ou roll damage for a spell y ou cast that deals damage of that type, y ou can tr eat any 1 on a damage die as a 2. Repeatable. You can tak e this f eat mor e than once, but y ou must choose a diff erent damage type each time for Ener gy Master y.",PHB (2024),2024
Fey Touched Gener al,,"Fey Touched Gener al Feat (Pr erequisite: Le vel 4+) Your exposur e to the F eywild’ s magic gr ants y ou the following beneﬁts. Ability Scor e Incr ease. Incr ease y our Intelligence, Wisdom, or Char","Fey Touched Gener al Feat (Pr erequisite: Le vel 4+) Your exposur e to the F eywild’ s magic gr ants y ou the following beneﬁts. Ability Scor e Incr ease. Incr ease y our Intelligence, Wisdom, or Charisma scor e by 1, t o a maximum of 20. Fey Magic. Choose one le vel 1 spell fr om the Divination or Enchantment school of magic. Y ou alwa ys ha ve that spell and the Misty Step spell pr epar ed. Y ou can cast each of these spells without expending a spell slot. Once y ou cast either spell in this wa y, you can ’t cast that spell in this wa y again until y ou ﬁnish a Long Rest . You can also cast these spells using spell slots y ou ha ve of the appr opriate le vel. The spells’ spellcasting ability is the ability incr eased b y this feat.",PHB (2024),2024
Grappler Gener al,,"Grappler Gener al Feat (Pr erequisite: Le vel 4+, Str ength or Dexterity 13+) You gain the following beneﬁts. Ability Scor e Incr ease. Incr ease y our Str ength or Dexterity scor e by 1, t o a maximu","Grappler Gener al Feat (Pr erequisite: Le vel 4+, Str ength or Dexterity 13+) You gain the following beneﬁts. Ability Scor e Incr ease. Incr ease y our Str ength or Dexterity scor e by 1, t o a maximum of 20. Punch and Gr ab. When y ou hit a cr eatur e with an Unarmed Strik e as par t of the Attack action on y our turn, y ou can use both the Damage and the Gr apple option. Y ou can use this beneﬁt only once per turn. Attack Adv antage. You ha ve Advantage on attack r olls against a cr eatur e Gr appled by you. Fast W restler . You don 't have to spend extr a mo vement t o mo ve a cr eatur e Gr appled by you if the cr eatur e is y our siz e or smaller .",PHB (2024),2024
Great W eapon Master Gener al,,"Great W eapon Master Gener al Feat (Pr erequisite: Le vel 4+, Str ength 13+) You gain the following beneﬁts. Ability Scor e Incr ease. Incr ease y our Str ength scor e by 1, t o a maximum of 20. Heavy","Great W eapon Master Gener al Feat (Pr erequisite: Le vel 4+, Str ength 13+) You gain the following beneﬁts. Ability Scor e Incr ease. Incr ease y our Str ength scor e by 1, t o a maximum of 20. Heavy W eapon Master y. When y ou hit a cr eatur e with a weapon that has the Heavy proper ty as par t of the Attack action on your turn, y ou can cause the weapon t o deal extr a damage t o the tar get. The extr a damage equals y our Pr oﬁciency Bonus. Hew . Immediately after y ou scor e a Critical Hit with a Melee weapon or r educe a cr eatur e to 0 Hit P oints with one, y ou can mak e one attack with the same weapon as a Bonus Action.",PHB (2024),2024
Heavily Armor ed Gener al,,"Heavily Armor ed Gener al Feat (Pr erequisite: Le vel 4+, Medium Armor Training) You gain the following beneﬁts. Ability Scor e Incr ease. Incr ease y our Constitution or Str ength scor e by 1, t o a","Heavily Armor ed Gener al Feat (Pr erequisite: Le vel 4+, Medium Armor Training) You gain the following beneﬁts. Ability Scor e Incr ease. Incr ease y our Constitution or Str ength scor e by 1, t o a maximum of 20. Armor Training. You gain tr aining with Hea vy armor .",PHB (2024),2024
Heavy Armor Master Gener al,,"Heavy Armor Master Gener al Feat (Pr erequisite: Le vel 4+, Hea vy Armor Training) You gain the following beneﬁts. Ability Scor e Incr ease. Incr ease y our Constitution or Str ength scor e by 1, t o","Heavy Armor Master Gener al Feat (Pr erequisite: Le vel 4+, Hea vy Armor Training) You gain the following beneﬁts. Ability Scor e Incr ease. Incr ease y our Constitution or Str ength scor e by 1, t o a maximum of 20. Damage Reduction. When y ou’re hit b y an attack while y ou’re wearing Hea vy armor , any Bludgeoning, Pier cing, and Slashing damage dealt t o you b y that attack is r educed b y an amount equal t o your Pr oﬁciency Bonus.",PHB (2024),2024
Inspiring Leader Gener al,,"Inspiring Leader Gener al Feat (Pr erequisite: Le vel 4+, Wisdom or Charisma 13+) You gain the following beneﬁts. Ability Scor e Incr ease. Incr ease y our Wisdom or Charisma scor e by 1, t o a maximu","Inspiring Leader Gener al Feat (Pr erequisite: Le vel 4+, Wisdom or Charisma 13+) You gain the following beneﬁts. Ability Scor e Incr ease. Incr ease y our Wisdom or Charisma scor e by 1, t o a maximum of 20. Bolstering P erformance. When y ou ﬁnish a Shor t or Long Rest , you can giv e an inspiring per formance: a speech, song, or dance. When y ou do so, choose up t o six allies (which can include y ourself ) within 30 f eet of y ourself who witness the performance. The chosen cr eatur es each gain Tempor ary Hit P oints equal t o your char acter le vel plus the modiﬁer of the ability y ou incr eased with this f eat.",PHB (2024),2024
Keen Mind Gener al,,"Keen Mind Gener al Feat (Pr erequisite: Le vel 4+, Intelligence 13+) You gain the following beneﬁts. Ability Scor e Incr ease. Incr ease y our Intelligence scor e by 1, t o a maximum of 20. Lore Knowl","Keen Mind Gener al Feat (Pr erequisite: Le vel 4+, Intelligence 13+) You gain the following beneﬁts. Ability Scor e Incr ease. Incr ease y our Intelligence scor e by 1, t o a maximum of 20. Lore Knowledge. Choose one of the following skills: Arcana , History, Investigation , Natur e, or Religion . If you lack proﬁciency in the chosen skill, y ou gain pr oﬁciency in it, and if y ou alr eady ha ve proﬁciency in it, y ou gain Exper tise in it. Quick Study . You can tak e the Study action as a Bonus Action.",PHB (2024),2024
Lightly Armor ed Gener al,,"Lightly Armor ed Gener al Feat (Pr erequisite: Le vel 4+) You gain the following beneﬁts. Ability Scor e Incr ease. Incr ease y our Str ength or Dexterity scor e by 1, t o a maximum of 20. Armor Train","Lightly Armor ed Gener al Feat (Pr erequisite: Le vel 4+) You gain the following beneﬁts. Ability Scor e Incr ease. Incr ease y our Str ength or Dexterity scor e by 1, t o a maximum of 20. Armor Training. You gain tr aining with Light armor and Shields.",PHB (2024),2024
Mage Sla yer Gener al,,"Mage Sla yer Gener al Feat (Pr erequisite: Le vel 4+) You gain the following beneﬁts. Ability Scor e Incr ease. Incr ease y our Str ength or Dexterity scor e by 1, t o a maximum of 20. Concentr ation","Mage Sla yer Gener al Feat (Pr erequisite: Le vel 4+) You gain the following beneﬁts. Ability Scor e Incr ease. Incr ease y our Str ength or Dexterity scor e by 1, t o a maximum of 20. Concentr ation Br eaker. When y ou damage a cr eatur e that is concentr ating, it has Disadv antage on the sa ving thr ow it mak es to maintain Concentr ation . Guar ded Mind. If you fail an Intelligence, a Wisdom, or a Charisma sa ving thr ow, you can cause y ourself t o succeed instead. Once y ou use this beneﬁt, y ou can ’t use it again until y ou ﬁnish a Shor t or Long Rest .",PHB (2024),2024
Martial W eapon Training Gener al,,"Martial W eapon Training Gener al Feat (Pr erequisite: Le vel 4+) You gain the following beneﬁts. Ability Scor e Incr ease. Incr ease y our Str ength or Dexterity scor e by 1, t o a maximum of 20. Wea","Martial W eapon Training Gener al Feat (Pr erequisite: Le vel 4+) You gain the following beneﬁts. Ability Scor e Incr ease. Incr ease y our Str ength or Dexterity scor e by 1, t o a maximum of 20. Weapon Pr oﬁciency . You gain pr oﬁciency with Mar tial weapons.",PHB (2024),2024
Medium Armor Master Gener al,,"Medium Armor Master Gener al Feat (Pr erequisite: Le vel 4+, Medium Armor Training) You gain the following beneﬁts. Ability Scor e Incr ease. Incr ease y our Str ength or Dexterity scor e by 1, t o a","Medium Armor Master Gener al Feat (Pr erequisite: Le vel 4+, Medium Armor Training) You gain the following beneﬁts. Ability Scor e Incr ease. Incr ease y our Str ength or Dexterity scor e by 1, t o a maximum of 20. Dexter ous W earer. While y ou’re wearing Medium armor , you can add 3, r ather than 2, t o your A C if y ou ha ve a Dexterity scor e of 16 or higher .",PHB (2024),2024
Moder ately Armor ed Gener al,,"Moder ately Armor ed Gener al Feat (Pr erequisite: Le vel 4+, Light Armor Training) You gain the following beneﬁts. Ability Scor e Incr ease. Incr ease y our Str ength or Dexterity scor e by 1, t o a","Moder ately Armor ed Gener al Feat (Pr erequisite: Le vel 4+, Light Armor Training) You gain the following beneﬁts. Ability Scor e Incr ease. Incr ease y our Str ength or Dexterity scor e by 1, t o a maximum of 20. Armor Training. You gain tr aining with Medium armor .",PHB (2024),2024
Mounted Combatant Gener al,,"Mounted Combatant Gener al Feat (Pr erequisite: Le vel 4+) You gain the following beneﬁts. Ability Scor e Incr ease. Incr ease y our Str ength, Dexterity , or Wisdom scor e by 1, t o a maximum of 20.","Mounted Combatant Gener al Feat (Pr erequisite: Le vel 4+) You gain the following beneﬁts. Ability Scor e Incr ease. Incr ease y our Str ength, Dexterity , or Wisdom scor e by 1, t o a maximum of 20. Mounted Strik e. While mounted, y ou ha ve Advantage on attack r olls against any unmounted cr eatur e within 5 f eet of your mount that is at least one siz e smaller than the mount. Leap Aside. If your mount is subjected t o an eff ect that allows it t o mak e a Dexterity sa ving thr ow t o tak e only half damage, it instead tak es no damage if it succeeds on the sa ving thr ow and only half damage if it fails. F or your mount t o gain this beneﬁt, y ou must be riding it, and neither of y ou can ha ve the Incapacitated condition. Veer. While mounted, y ou can for ce an attack that hits y our mount t o hit y ou instead if y ou don ’t ha ve the Incapacitated condition.",PHB (2024),2024
Obser vant Gener al,,"Obser vant Gener al Feat (Pr erequisite: Le vel 4+, Intelligence or Wisdom 13+) You gain the following beneﬁts. Ability Scor e Incr ease. Incr ease y our Intelligence or Wisdom scor e by 1, t o a maxi","Obser vant Gener al Feat (Pr erequisite: Le vel 4+, Intelligence or Wisdom 13+) You gain the following beneﬁts. Ability Scor e Incr ease. Incr ease y our Intelligence or Wisdom scor e by 1, t o a maximum of 20. Keen Obser ver. Choose one of the following skills: Insight , Investigation , or Perception . If you lack pr oﬁciency with the chosen skill, y ou gain pr oﬁciency in it, and if y ou alr eady ha ve proﬁciency in it, y ou gain Exper tise in it. Quick Sear ch. You can tak e the Sear ch action as a Bonus Action.",PHB (2024),2024
Piercer Gener al,,"Piercer Gener al Feat (Pr erequisite: Le vel 4+) You gain the following beneﬁts. Ability Scor e Incr ease. Incr ease y our Str ength or Dexterity b y 1, t o a maximum of 20. Punctur e. Once per turn,","Piercer Gener al Feat (Pr erequisite: Le vel 4+) You gain the following beneﬁts. Ability Scor e Incr ease. Incr ease y our Str ength or Dexterity b y 1, t o a maximum of 20. Punctur e. Once per turn, when y ou hit a cr eatur e with an attack that deals Pier cing damage, y ou can r eroll one of the attack’ s damage dice, and y ou must use the new r oll. Enhanced Critical. When y ou scor e a Critical Hit that deals Pier cing damage t o a cr eatur e, you can r oll one additional damage die when determining the extr a Pier cing damage the tar get tak es.",PHB (2024),2024
Poisoner Gener al,,"Poisoner Gener al Feat (Pr erequisite: Le vel 4+) You gain the following beneﬁts. Ability Scor e Incr ease. Incr ease y our Dexterity or Intelligence scor e by 1, t o a maximum of 20. Potent P oison.","Poisoner Gener al Feat (Pr erequisite: Le vel 4+) You gain the following beneﬁts. Ability Scor e Incr ease. Incr ease y our Dexterity or Intelligence scor e by 1, t o a maximum of 20. Potent P oison. When y ou mak e a damage r oll that deals P oison damage, it ignor es Resistance t o Poison damage. Brew P oison. You gain pr oﬁciency with the P oisoner ’s Kit. With 1 hour of work using such a kit and expending 50 GP worth of materials, y ou can cr eate a number of poison doses equal t o your Pr oﬁciency Bonus. As a Bonus Action, y ou can apply a poison dose t o a weapon or piece of ammunition. Once applied, the poison r etains its potency for 1 minute or until until y ou deal damage with the poisoned item, whiche ver is shor ter. When a cr eatur e tak es damage fr om the poisoned item, that cr eatur e must succeed on a Constitution sa ving thr ow (DC 8 plus the modiﬁer of the ability increased b y this f eat and y our Pr oﬁciency Bonus) or tak e 2d8 P oison damage and ha ve the P oisoned condition until the end of y our next turn.",PHB (2024),2024
Polearm Master Gener al,,"Polearm Master Gener al Feat (Pr erequisite: Le vel 4+, Str ength or Dexterity 13+) You gain the following beneﬁts. Ability Scor e Incr ease. Incr ease y our Dexterity or Str ength scor e by 1, t o a","Polearm Master Gener al Feat (Pr erequisite: Le vel 4+, Str ength or Dexterity 13+) You gain the following beneﬁts. Ability Scor e Incr ease. Incr ease y our Dexterity or Str ength scor e by 1, t o a maximum of 20. Pole Strik e. Immediately after y ou tak e the Attack action and attack with a Quar terstaff, a Spear , or a weapon that has the Heavy and Reach proper ties, y ou can use a Bonus Action t o mak e a melee attack with the opposite end of the weapon. The weapon deals Bludgeoning damage, and the weapon ’s damage die for this attack is a d4. Reactiv e Strik e. While y ou’re holding a Quar terstaff, a Spear , or a weapon that has the Heavy and Reach proper ties, y ou can tak e a Reaction t o mak e one melee attack against a cr eatur e that enters the r each y ou ha ve with that weapon.",PHB (2024),2024
Resilient Gener al,,Resilient Gener al Feat (Pr erequisite: Le vel 4+) You gain the following beneﬁts. Ability Scor e Incr ease. Choose one ability in which y ou lack sa ving thr ow pr oﬁciency . Incr ease the chosen abi,"Resilient Gener al Feat (Pr erequisite: Le vel 4+) You gain the following beneﬁts. Ability Scor e Incr ease. Choose one ability in which y ou lack sa ving thr ow pr oﬁciency . Incr ease the chosen ability scor e by 1, t o a maximum of 20. Saving Throw Pr oﬁciency . You gain sa ving thr ow pr oﬁciency with the chosen ability .",PHB (2024),2024
Ritual Caster Gener al,,"Ritual Caster Gener al Feat (Pr erequisite: Le vel 4+; Intelligence, Wisdom, or Charisma 13+) You gain the following beneﬁts. Ability Scor e Incr ease. Incr ease y our Intelligence, Wisdom, or Charism","Ritual Caster Gener al Feat (Pr erequisite: Le vel 4+; Intelligence, Wisdom, or Charisma 13+) You gain the following beneﬁts. Ability Scor e Incr ease. Incr ease y our Intelligence, Wisdom, or Charisma scor e by 1, t o a maximum of 20. Ritual Spells. Choose a number of le vel 1 spells equal t o your Pr oﬁciency Bonus that ha ve the Ritual tag. Y ou alwa ys have those spells pr epar ed, and y ou can cast them with any spell slots y ou ha ve. The spells’ spellcasting ability is the ability incr eased b y this f eat. Whene ver your Pr oﬁciency Bonus incr eases ther eafter , you can add an additional le vel 1 spell with the Ritual tag t o the spells alwa ys pr epar ed with this f eatur e. Quick Ritual. With this beneﬁt, y ou can cast a Ritual spell that y ou ha ve prepar ed using its r egular casting time r ather than the extended time for a Ritual. Doing so doesn ’t requir e a spell slot. Once y ou cast the spell in this wa y, you can ’t use this beneﬁt again until y ou ﬁnish a Long Rest .",PHB (2024),2024
Sentinel Gener al,,"Sentinel Gener al Feat (Pr erequisite: Le vel 4+, Str ength or Dexterity 13+) You gain the following beneﬁts. Ability Scor e Incr ease. Incr ease y our Str ength or Dexterity scor e by 1, t o a maximu","Sentinel Gener al Feat (Pr erequisite: Le vel 4+, Str ength or Dexterity 13+) You gain the following beneﬁts. Ability Scor e Incr ease. Incr ease y our Str ength or Dexterity scor e by 1, t o a maximum of 20. Guar dian. Immediately after a cr eatur e within 5 f eet of y ou tak es the Disengage action or hits a tar get other than y ou with an attack, y ou can mak e an Oppor tunity A ttack against that cr eatur e. Halt. When y ou hit a cr eatur e with an Oppor tunity A ttack , the cr eatur e’s Speed becomes 0 for the r est of the curr ent turn.",PHB (2024),2024
Shadow Touched Gener al,,"Shadow Touched Gener al Feat (Pr erequisite: Le vel 4+) Your exposur e to the Shadowf ell’s magic gr ants y ou the following beneﬁts. Ability Scor e Incr ease. Incr ease y our Intelligence, Wisdom, or","Shadow Touched Gener al Feat (Pr erequisite: Le vel 4+) Your exposur e to the Shadowf ell’s magic gr ants y ou the following beneﬁts. Ability Scor e Incr ease. Incr ease y our Intelligence, Wisdom, or Charisma scor e by 1, t o a maximum of 20. Shadow Magic. Choose one le vel 1 spell fr om the Illusion or Necr omancy school of magic. Y ou alwa ys ha ve that spell and the Invisibility spell pr epar ed. Y ou can cast each of these spells without expending a spell slot. Once y ou cast either spell in this wa y, you can ’t cast that spell in this wa y again until y ou ﬁnish a Long Rest . You can also cast these spells using spell slots y ou ha ve of the appr opriate le vel. The spells’ spellcasting ability is the ability incr eased b y this f eat.",PHB (2024),2024
Sharpshooter Gener al,,"Sharpshooter Gener al Feat (Pr erequisite: Le vel 4+, Dexterity 13+) You gain the following beneﬁts. Ability Scor e Incr ease. Incr ease y our Dexterity scor e by 1, t o a maximum of 20. Bypass Co ver","Sharpshooter Gener al Feat (Pr erequisite: Le vel 4+, Dexterity 13+) You gain the following beneﬁts. Ability Scor e Incr ease. Incr ease y our Dexterity scor e by 1, t o a maximum of 20. Bypass Co ver. Your r anged attacks with weapons ignor e Half Co ver and Three-Quar ters Co ver. Firing in Melee. Being within 5 f eet of an enemy doesn ’t impose Disadv antage on y our attack r olls with Ranged weapons. Long Shots. Attacking at long r ange doesn ’t impose Disadv antage on y our attack r olls with Ranged weapons.",PHB (2024),2024
Shield Master Gener al,,"Shield Master Gener al Feat (Pr erequisite: Le vel 4+, Shield Training) You gain the following beneﬁts. Ability Scor e Incr ease. Incr ease y our Str ength scor e by 1, t o a maximum of 20. Shield Bas","Shield Master Gener al Feat (Pr erequisite: Le vel 4+, Shield Training) You gain the following beneﬁts. Ability Scor e Incr ease. Incr ease y our Str ength scor e by 1, t o a maximum of 20. Shield Bash. If you attack a cr eatur e within 5 f eet of y ou as par t of the Attack action and hit with a Melee weapon, y ou can immediately bash the tar get with y our Shield if it’ s equipped, for cing the tar get t o mak e a Str ength sa ving thr ow (DC 8 plus y our Str ength modiﬁer and Pr oﬁciency Bonus). On a failed sa ve, you either push the tar get 5 f eet fr om y ou or cause it t o ha ve the Pr one condition (y our choice). Y ou can use this beneﬁt only once on each of y our turns. Interpose Shield. If you’re subjected t o an eff ect that allows y ou to mak e a Dexterity sa ving thr ow t o tak e only half damage, y ou can tak e a Reaction t o tak e no damage if y ou succeed on the sa ving thr ow and ar e holding a Shield.",PHB (2024),2024
Skill Exper t Gener al,,"Skill Exper t Gener al Feat (Pr erequisite: Le vel 4+) You gain the following beneﬁts. Ability Scor e Incr ease. Incr ease one ability scor e of y our choice b y 1, t o a maximum of 20. Skill Pr oﬁcie","Skill Exper t Gener al Feat (Pr erequisite: Le vel 4+) You gain the following beneﬁts. Ability Scor e Incr ease. Incr ease one ability scor e of y our choice b y 1, t o a maximum of 20. Skill Pr oﬁciency . You gain pr oﬁciency in one skill of y our choice. Exper tise. Choose one skill in which y ou ha ve proﬁciency but lack Exper tise. You gain Exper tise with that skill.",PHB (2024),2024
Skulk er Gener al,,"Skulk er Gener al Feat (Pr erequisite: Le vel 4+, Dexterity 13+) You gain the following beneﬁts. Ability Scor e Incr ease. Incr ease y our Dexterity scor e by 1, t o a maximum of 20. Blindsight. You h","Skulk er Gener al Feat (Pr erequisite: Le vel 4+, Dexterity 13+) You gain the following beneﬁts. Ability Scor e Incr ease. Incr ease y our Dexterity scor e by 1, t o a maximum of 20. Blindsight. You ha ve Blindsight with a r ange of 10 f eet. Fog of W ar. You exploit the distr actions of battle, gaining Advantage on any Dexterity ( Stealth ) check y ou mak e as par t of the Hide action during combat. Sniper . If you mak e an attack r oll while hidden and the r oll misses, making the attack r oll doesn ’t reveal y our location.",PHB (2024),2024
Slasher Gener al,,"Slasher Gener al Feat (Pr erequisite: Le vel 4+) You gain the following beneﬁts. Ability Scor e Incr ease. Incr ease y our Str ength or Dexterity scor e by 1, t o a maximum of 20. Hamstring. Once per","Slasher Gener al Feat (Pr erequisite: Le vel 4+) You gain the following beneﬁts. Ability Scor e Incr ease. Incr ease y our Str ength or Dexterity scor e by 1, t o a maximum of 20. Hamstring. Once per turn when y ou hit a cr eatur e with an attack that deals Slashing damage, y ou can r educe the Speed of that cr eatur e by 10 f eet until the star t of y our next turn. Enhanced Critical. When y ou scor e a Critical Hit that deals Slashing damage t o a cr eatur e, it has Disadv antage on attack r olls until the star t of y our next turn.",PHB (2024),2024
Speedy Gener al,,"Speedy Gener al Feat (Pr erequisite: Le vel 4+, Dexterity or Constitution 13+) You gain the following beneﬁts. Ability Scor e Incr ease. Incr ease y our Dexterity or Constitution scor e by 1, t o a ma","Speedy Gener al Feat (Pr erequisite: Le vel 4+, Dexterity or Constitution 13+) You gain the following beneﬁts. Ability Scor e Incr ease. Incr ease y our Dexterity or Constitution scor e by 1, t o a maximum of 20. Speed Incr ease. Your Speed incr eases b y 10 f eet. Dash o ver Diﬃcult Terrain. When y ou tak e the Dash action on y our turn, Diﬃcult Terrain doesn ’t cost y ou extr a movement for the r est of that turn. Agile Mo vement. Oppor tunity A ttacks have Disadv antage against y ou.",PHB (2024),2024
Spell Sniper Gener al,,"Spell Sniper Gener al Feat (Pr erequisite: Le vel 4+, Spellcasting or P act Magic F eatur e) You gain the following beneﬁts. Ability Scor e Incr ease. Incr ease y our Intelligence, Wisdom, or Charisma","Spell Sniper Gener al Feat (Pr erequisite: Le vel 4+, Spellcasting or P act Magic F eatur e) You gain the following beneﬁts. Ability Scor e Incr ease. Incr ease y our Intelligence, Wisdom, or Charisma scor e by 1, t o a maximum of 20. Bypass Co ver. Your attack r olls for spells ignor e Half Co ver and Three-Quar ters Co ver. Casting in Melee. Being within 5 f eet of an enemy doesn ’t impose Disadv antage on y our attack r olls with spells. Increased Range. When y ou cast a spell that has a r ange of at least 10 f eet and r equir es you to mak e an attack r oll, y ou can incr ease the spell’ s range b y 60 f eet.",PHB (2024),2024
Telekinetic Gener al,,"Telekinetic Gener al Feat (Pr erequisite: Le vel 4+) You gain the following beneﬁts. Ability Scor e Incr ease. Incr ease y our Intelligence, Wisdom, or Charisma scor e by 1, t o a maximum of 20. Minor","Telekinetic Gener al Feat (Pr erequisite: Le vel 4+) You gain the following beneﬁts. Ability Scor e Incr ease. Incr ease y our Intelligence, Wisdom, or Charisma scor e by 1, t o a maximum of 20. Minor Telekinesis. You learn the Mage Hand spell. Y ou can cast it without V erbal or Somatic components, y ou can mak e the spectr al hand Invisible , and its r ange and the distance it can be awa y from y ou both incr ease b y 30 f eet when you cast it. The spell’ s spellcasting ability is the ability incr eased b y this f eat. Telekinetic Sho ve. As a Bonus Action, y ou can telekinetically sho ve one cr eatur e you can see within 30 f eet of y ourself. When y ou do so, the tar get must succeed on a Str ength sa ving thr ow (DC 8 plus the ability modiﬁer of the scor e increased b y this f eat and y our Pr oﬁciency Bonus) or be mo ved 5 f eet t owar d or awa y from y ou.",PHB (2024),2024
Telepathic Gener al,,"Telepathic Gener al Feat (Pr erequisite: Le vel 4+) You gain the following beneﬁts. Ability Scor e Incr ease. Incr ease y our Intelligence, Wisdom, or Charisma scor e by 1, t o a maximum of 20. Telepa","Telepathic Gener al Feat (Pr erequisite: Le vel 4+) You gain the following beneﬁts. Ability Scor e Incr ease. Incr ease y our Intelligence, Wisdom, or Charisma scor e by 1, t o a maximum of 20. Telepathic Utter ance. You can speak telepathically t o any cr eatur e you can see within 60 f eet of y ourself. Y our telepathic utter ances ar e in a language y ou know , and the cr eatur e understands y ou only if it knows that language. Y our communication doesn ’t giv e the cr eatur e the ability t o respond t o you telepathically . Detect Thoughts. You alwa ys ha ve the Detect Thoughts spell pr epar ed. Y ou can cast it without a spell slot or spell components, and y ou must ﬁnish a Long Rest befor e you can cast it in this wa y again. Y ou can also cast it using spell slots y ou ha ve of the appr opriate le vel. Your spellcasting ability for the spell is the ability incr eased b y this f eat.",PHB (2024),2024
War Caster Gener al,,"War Caster Gener al Feat (Pr erequisite: Le vel 4+, Spellcasting or P act Magic F eatur e) You gain the following beneﬁts. Ability Scor e Incr ease. Incr ease y our Intelligence, Wisdom, or Charisma s","War Caster Gener al Feat (Pr erequisite: Le vel 4+, Spellcasting or P act Magic F eatur e) You gain the following beneﬁts. Ability Scor e Incr ease. Incr ease y our Intelligence, Wisdom, or Charisma scor e by 1, t o a maximum of 20. Concentr ation. You ha ve Advantage on Constitution sa ving thr ows that y ou mak e to maintain Concentr ation . Reactiv e Spell. When a cr eatur e provokes an Oppor tunity A ttack from y ou b y lea ving y our r each, y ou can tak e a Reaction t o cast a spell at the cr eatur e rather than making an Oppor tunity A ttack. The spell must ha ve a casting time of one action and must tar get only that cr eatur e. Somatic Components. You can per form the Somatic components of spells e ven when y ou ha ve weapons or a Shield in one or both hands.",PHB (2024),2024
Weapon Master Gener al,,"Weapon Master Gener al Feat (Pr erequisite: Le vel 4+) You gain the following beneﬁts. Ability Scor e Incr ease. Incr ease y our Str ength or Dexterity scor e by 1, t o a maximum of 20. Master y Prope","Weapon Master Gener al Feat (Pr erequisite: Le vel 4+) You gain the following beneﬁts. Ability Scor e Incr ease. Incr ease y our Str ength or Dexterity scor e by 1, t o a maximum of 20. Master y Proper ty. Your tr aining with weapons allows y ou to use the master y proper ty of one kind of Simple or Mar tial weapon of y our choice, pr ovided y ou ha ve proﬁciency with it. Whene ver you ﬁnish a Long Rest , you can change the kind of weapon t o another eligible kind. Fighting Style F eats These f eats ar e in the Fighting Style categor y. Archer y Fighting Style F eat (Pr erequisite: Fighting Style F eatur e) You gain a +2 bonus t o attack r olls y ou mak e with Ranged weapons. Blind Fighting Fighting Style F eat (Pr erequisite: Fighting Style F eatur e) You ha ve Blindsight with a r ange of 10 f eet. Defense Fighting Style F eat (Pr erequisite: Fighting Style F eatur e) While y ou’re wearing Light, Medium, or Hea vy armor , you gain a +1 bonus t o Armor Class. Dueling Fighting Style F eat (Pr erequisite: Fighting Style F eatur e) When y ou’re holding a Melee weapon in one hand and no other weapons, y ou gain a +2 bonus t o damage r olls with that weapon. Great W eapon Fighting Fighting Style F eat (Pr erequisite: Fighting Style F eatur e) When y ou roll damage for an attack y ou mak e with a Melee weapon that y ou ar e holding with two hands, y ou can tr eat any 1 or 2 on a damage die as a 3. The weapon must ha ve the Two-Handed or Versatile proper ty to gain this beneﬁt. Inter ception Fighting Style F eat (Pr erequisite: Fighting Style F eatur e) When a cr eatur e you can see hits another cr eatur e within 5 f eet of y ou with an attack r oll, y ou can tak e a Reaction t o reduce the damage dealt t o the tar get b y 1d10 plus y our Pr oﬁciency Bonus. Y ou must be holding a Shield or a Simple or Martial weapon t o use this Reaction. Protection Fighting Style F eat (Pr erequisite: Fighting Style F eatur e) When a cr eatur e you can see attacks a tar get other than y ou that is within 5 f eet of y ou, y ou can tak e a Reaction t o interpose y our Shield if y ou’re holding one. Y ou impose Disadv antage on the triggering attack r oll and all other attack rolls against the tar get until the star t of y our next turn if y ou remain within 5 f eet of the tar get. Thrown W eapon Fighting Fighting Style F eat (Pr erequisite: Fighting Style F eatur e) When y ou hit with a r anged attack r oll using a weapon that has the Thrown proper ty, you gain a +2 bonus t o the damage roll. Two-W eapon Fighting Fighting Style F eat (Pr erequisite: Fighting Style F eatur e) When y ou mak e an extr a attack as a r esult of using a weapon that has the Light proper ty, you can add y our ability modiﬁer to the damage of that attack if y ou ar en’t alr eady adding it t o the damage. Unarmed Fighting Fighting Style F eat (Pr erequisite: Fighting Style F eatur e) When y ou hit with y our Unarmed Strik e and deal damage, y ou can deal Bludgeoning damage equal t o 1d6 plus y our Strength modiﬁer instead of the normal damage of an Unarmed Strik e. If y ou ar en’t holding any weapons or a Shield when y ou mak e the attack r oll, the d6 becomes a d8. At the star t of each of y our turns, y ou can deal 1d4 Bludgeoning damage t o one cr eatur e Gr appled by you. Epic Boon F eats These f eats ar e in the Epic Boon categor y. Boon of Combat Pr owess Epic Boon F eat (Pr erequisite: Le vel 19+) You gain the following beneﬁts. Ability Scor e Incr ease. Incr ease one ability scor e of y our choice b y 1, t o a maximum of 30. Peerless Aim. When y ou miss with an attack r oll, y ou can hit instead. Once y ou use this beneﬁt, y ou can ’t use it again until the star t of y our next turn. Boon of Dimensional Travel Epic Boon F eat (Pr erequisite: Le vel 19+) You gain the following beneﬁts. Ability Scor e Incr ease. Incr ease one ability scor e of y our choice b y 1, t o a maximum of 30. Blink Steps. Immediately after y ou tak e the Attack action or the Magic action, y ou can telepor t up t o 30 f eet t o an unoccupied space y ou can see. Boon of Ener gy Resistance Epic Boon F eat (Pr erequisite: Le vel 19+) You gain the following beneﬁts. Ability Scor e Incr ease. Incr ease one ability scor e of y our choice b y 1, t o a maximum of 30. Ener gy Resistances. You gain Resistance t o two of the following damage types of y our choice: Acid, Cold, Fir e, Lightning, Necr otic, P oison, Psy chic, Radiant, or Thunder . Whene ver you ﬁnish a Long Rest , you can change y our choices. Ener gy Redir ection. When y ou tak e damage of one of the types chosen for the Ener gy Resistances beneﬁt, y ou can tak e a Reaction t o dir ect damage of the same type t owar d another cr eatur e you can see within 60 f eet of y ourself that isn ’t behind Total Co ver. If you do so, that cr eatur e must succeed on a Dexterity sa ving thr ow (DC 8 plus y our Constitution modiﬁer and Pr oﬁciency Bonus) or tak e damage equal t o 2d12 plus y our Constitution modiﬁer . Boon of F ate Epic Boon F eat (Pr erequisite: Le vel 19+) You gain the following beneﬁts. Ability Scor e Incr ease. Incr ease one ability scor e of y our choice b y 1, t o a maximum of 30. Impr ove Fate. When y ou or another cr eatur e within 60 f eet of y ou succeeds on or fails a D20 Test, you can r oll 2d4 and apply the t otal r olled as a bonus or penalty t o the d20 r oll. Once y ou use this beneﬁt, y ou can ’t use it again until y ou roll Initiativ e or ﬁnish a Shor t or Long Rest . Boon of F ortitude Epic Boon F eat (Pr erequisite: Le vel 19+) You gain the following beneﬁts. Ability Scor e Incr ease. Incr ease one ability scor e of y our choice b y 1, t o a maximum of 30. Fortiﬁed Health. Your Hit P oint maximum incr eases b y 40. In addition, whene ver you regain Hit P oints, y ou can r egain additional Hit P oints equal t o your Constitution modiﬁer . Once y ou’ve regained these additional Hit P oints, y ou can ’t do so again until the star t of y our next turn. Boon of Irr esistible Off ense Epic Boon F eat (Pr erequisite: Le vel 19+) You gain the following beneﬁts. Ability Scor e Incr ease. Incr ease y our Str ength or Dexterity scor e by 1, t o a maximum of 30. Overcome Def enses. The Bludgeoning, Pier cing, and Slashing damage y ou deal alwa ys ignor es Resistance. Overwhelming Strik e. When y ou roll a 20 on the d20 for an attack r oll, y ou can deal extr a damage t o the tar get equal t o the ability scor e incr eased b y this f eat. The extr a damage ’s type is the same as the attack’ s type. Boon of Reco very Epic Boon F eat (Pr erequisite: Le vel 19+) You gain the following beneﬁts. Ability Scor e Incr ease. Incr ease one ability scor e of y our choice b y 1, t o a maximum of 30. Last Stand. When y ou would be r educed t o 0 Hit P oints, y ou can dr op to 1 Hit P oint instead and r egain a number of Hit Points equal t o half y our Hit P oint maximum. Once y ou use this beneﬁt, y ou can ’t use it again until y ou ﬁnish a Long Rest . Reco ver Vitality . You ha ve a pool of ten d10s. As a Bonus Action, y ou can expend dice fr om the pool, r oll those dice, and regain a number of Hit P oints equal t o the r oll’s total. Y ou regain all the expended dice when y ou ﬁnish a Long Rest . Boon of Skill Epic Boon F eat (Pr erequisite: Le vel 19+) You gain the following beneﬁts. Ability Scor e Incr ease. Incr ease one ability scor e of y our choice b y 1, t o a maximum of 30. All-Ar ound Adept. You gain pr oﬁciency in all skills. Exper tise. Choose one skill in which y ou lack Exper tise. You gain Exper tise in that skill. Boon of Speed Epic Boon F eat (Pr erequisite: Le vel 19+) You gain the following beneﬁts. Ability Scor e Incr ease. Incr ease one ability scor e of y our choice b y 1, t o a maximum of 30. Escape Ar tist. As a Bonus Action, y ou can tak e the Disengage action, which also ends the Gr appled condition on y ou. Quickness. Your Speed incr eases b y 30 f eet. Boon of Spell Recall Epic Boon F eat (Pr erequisite: Le vel 19+, Spellcasting F eatur e) You gain the following beneﬁts. Ability Scor e Incr ease. Incr ease y our Intelligence, Wisdom, or Charisma scor e by 1, t o a maximum of 30. Free Casting. Whene ver you cast a spell with a le vel 1–4 spell slot, r oll 1d4. If the number y ou roll is the same as the slot’s level, the slot isn ’t expended. Boon of the Night Spirit Epic Boon F eat (Pr erequisite: Le vel 19+) You gain the following beneﬁts. Ability Scor e Incr ease. Incr ease one ability scor e of y our choice b y 1, t o a maximum of 30. Merge with Shadows. While within Dim Light or Darkness , you can giv e yourself the Invisible condition as a Bonus Action. The condition ends on y ou immediately after y ou tak e an action, a Bonus Action, or a Reaction. Shadowy F orm. While within Dim Light or Darkness, y ou ha ve Resistance t o all damage ex cept Psy chic and Radiant. Boon of Truesight Epic Boon F eat (Pr erequisite: Le vel 19+) You gain the following beneﬁts. Ability Scor e Incr ease. Incr ease one ability scor e of y our choice b y 1, t o a maximum of 30. Truesight. You ha ve T ruesight with a r ange of 60 f eet. THE WEA THERM AY-FOXGRO VE TWINS, GENNIFER AND L AURIE, AL ONG WI TH THE INVESTIGA TORS ALANIK RA Y AND AR THUR SEDGWICK, FIGH T TO ESCAPE THE HORRORS OF CASTLE RA VENL OFTARTIST: ZOLTAN BOROS ARTIST: WAYNE ENGL AND ARTIST: WAYNE ENGL AND ARTIST: WAYNE ENGL AND ARTIST: WAYNE ENGL AND ARTIST: WAYNE ENGL AND ARTIST: WAYNE ENGL AND ARTIST: WAYNE ENGL AND ARTIST: WAYNE ENGL AND ARTIST: WAYNE ENGL AND PREV CH APTER NEXT CHAPTER Chapter 5:",PHB (2024),2024
F eats,,F eats Feat,F eats Feat,PHB (2024),2024
Descriptions Parts of a F eat,,Descriptions Parts of a F eat Feat List Origin F eats Gener al Feats Fighting Style F eats Epic Boon F eats SOURCES DUNGEONS & DRA GONS PLAYER’S H ANDBOOK FEA T S,Descriptions Parts of a F eat Feat List Origin F eats Gener al Feats Fighting Style F eats Epic Boon F eats SOURCES DUNGEONS & DRA GONS PLAYER’S H ANDBOOK FEA T S,PHB (2024),2024
